request_id,amount_safe_to_pay,affordability_status,recommended_payment_method,payment_plan,earliest_date_for_full_payment,spending_changes_needed,decision_explanation
request_26,15656000,affordable_now,full_payment,2025-08-03:15656000,2025-08-03,none,Full payment of IDR 15656000 today on 2025-08-03. Maintains minimum balance requirement of IDR 24768300.00 (forecast safety margin is IDR 45255004.75).
request_27,6670,affordable_now,full_payment,2026-07-05:6670,2026-07-05,none,Full payment of ZAR 6670 today on 2026-07-05. Maintains minimum balance requirement of ZAR 20500.00 (forecast safety margin is ZAR 24471.60).
request_28,326.14,affordable_later,wait,none,2024-08-15,none,Wait until 2024-08-15 to pay EUR 1302.4 in full. Paying before 2024-08-15 would breach the EUR 1100.00 minimum balance requirement.
request_29,27509.49,not_affordable,not_recommended,none,,none,"Do not proceed with the ZAR 51524 request by desired completion date 2025-11-23. Although safe amount today is ZAR 27509.49, full payment cannot be safely completed without breaching the minimum balance requirement of ZAR 28300.00."
request_30,775.2,affordable_with_plan,installments,2026-04-06:775.2,2026-04-06,none,Payment option payment_option_84: 1 installments of USD 775.2 starting 2026-04-06 totaling USD 775.2. Maintains balance above minimum requirement USD 900.00.
request_31,3783459.55,affordable_later,wait,none,2024-11-15,none,Wait until 2024-11-15 to pay IDR 18164000 in full. Paying before 2024-11-15 would breach the IDR 16588900.00 minimum balance requirement.
request_32,16158.21,affordable_later,wait,none,2025-03-15,none,Wait until 2025-03-15 to pay ZAR 40018 in full. Paying before 2025-03-15 would breach the ZAR 35700.00 minimum balance requirement.
request_33,41619.53,affordable_later,wait,none,2026-02-15,none,Wait until 2026-02-15 to pay INR 118000 in full. Paying before 2026-02-15 would breach the INR 102100.00 minimum balance requirement.
request_34,129400,affordable_now,full_payment,2024-12-04:129400,2024-12-04,none,Full payment of INR 129400 today on 2024-12-04. Maintains minimum balance requirement of INR 138500.00 (forecast safety margin is INR 353757.07).
request_35,44159.28,affordable_later,wait,none,2026-01-15,none,Wait until 2026-01-15 to pay INR 212000 in full. Paying before 2026-01-15 would breach the INR 106400.00 minimum balance requirement.
request_36,921.23,affordable_later,wait,none,2026-08-15,none,Wait until 2026-08-15 to pay USD 3954 in full. Paying before 2026-08-15 would breach the USD 2400.00 minimum balance requirement.
request_37,4727072.36,affordable_later,wait,none,2024-05-15,none,Wait until 2024-05-15 to pay IDR 14649000 in full. Paying before 2024-05-15 would breach the IDR 17056200.00 minimum balance requirement.
request_38,225.42,affordable_later,wait,none,2025-09-15,none,Wait until 2025-09-15 to pay EUR 971.3 in full. Paying before 2025-09-15 would breach the EUR 400.00 minimum balance requirement.
request_39,72897.94,affordable_later,wait,none,2026-05-15,none,Wait until 2026-05-15 to pay INR 208600 in full. Paying before 2026-05-15 would breach the INR 213400.00 minimum balance requirement.
request_40,452.4,affordable_later,wait,none,2024-07-15,none,Wait until 2024-07-15 to pay EUR 1290.3 in full. Paying before 2024-07-15 would breach the EUR 1500.00 minimum balance requirement.
request_41,13895313.67,affordable_later,wait,none,2025-11-15,none,Wait until 2025-11-15 to pay IDR 38760000 in full. Paying before 2025-11-15 would breach the IDR 25366600.00 minimum balance requirement.
request_42,52100,affordable_now,full_payment,2026-01-05:52100,2026-01-05,none,Full payment of INR 52100 today on 2026-01-05. Maintains minimum balance requirement of INR 113100.00 (forecast safety margin is INR 113250.41).
request_43,9868266.98,affordable_later,wait,none,2024-10-15,none,Wait until 2024-10-15 to pay IDR 43339000 in full. Paying before 2024-10-15 would breach the IDR 21398000.00 minimum balance requirement.
request_44,34620.98,affordable_later,wait,none,2025-04-15,none,Wait until 2025-04-15 to pay INR 95800 in full. Paying before 2025-04-15 would breach the INR 82900.00 minimum balance requirement.
request_45,5270814.54,affordable_later,wait,none,2026-08-15,none,Wait until 2026-08-15 to pay IDR 21983000 in full. Paying before 2026-08-15 would breach the IDR 11149800.00 minimum balance requirement.
request_46,36517.53,affordable_with_plan,partial_payment,2024-12-03:36517.53|2024-12-15:12932.47,2024-12-15,none,Partial payment plan: Pay safe amount INR 36517.53 today on 2024-12-03 and remaining INR 12932.47 on 2024-12-15. Completes full requested INR 49450 by desired completion date 2025-01-09 while protecting INR 84000.00 minimum.
request_47,12251277.45,not_affordable,not_recommended,none,,none,"Do not proceed with the IDR 38114000 request by desired completion date 2025-06-19. Although safe amount today is IDR 12251277.45, full payment cannot be safely completed without breaching the minimum balance requirement of IDR 30049000.00."
request_48,45700,affordable_now,full_payment,2026-07-25:45700,2026-07-25,none,Full payment of INR 45700 today on 2026-07-25. Maintains minimum balance requirement of INR 71300.00 (forecast safety margin is INR 67934.88).
request_49,12455834.71,affordable_with_plan,installments,2024-03-18:11902106.67|2024-04-18:11902106.67|2024-05-19:11902106.67,2024-05-15,none,Payment option payment_option_133: 3 installments of IDR 11902106.67 starting 2024-03-18 totaling IDR 35706320.01. Maintains balance above minimum requirement IDR 20275700.00.
request_50,43900,affordable_now,full_payment,2025-08-06:43900,2025-08-06,none,Full payment of INR 43900 today on 2025-08-06. Maintains minimum balance requirement of INR 99700.00 (forecast safety margin is INR 52388.14).
request_51,2191000,affordable_now,full_payment,2026-01-03:2191000,2026-01-03,none,Full payment of IDR 2191000 today on 2026-01-03. Maintains minimum balance requirement of IDR 7811000.00 (forecast safety margin is IDR 5626480.53).
request_52,21927.86,affordable_later,wait,none,2024-06-15,none,Wait until 2024-06-15 to pay INR 28870 in full. Paying before 2024-06-15 would breach the INR 41500.00 minimum balance requirement.
request_53,714.42,affordable_with_plan,installments,2025-11-21:589.06|2025-12-19:589.06|2026-01-16:589.06,2025-11-15,none,Payment option payment_option_145: 3 installments of USD 589.06 starting 2025-11-21 totaling USD 1767.18. Maintains balance above minimum requirement USD 2100.00.
request_54,6458.84,not_affordable,not_recommended,none,,none,"Do not proceed with the ZAR 121528 request by desired completion date 2026-08-21. Although safe amount today is ZAR 6458.84, full payment cannot be safely completed without breaching the minimum balance requirement of ZAR 37000.00."
request_55,122059.61,affordable_with_plan,installments,2026-06-11:75781.33|2026-07-12:75781.33|2026-08-12:75781.33,2026-07-15,none,Payment option payment_option_151: 3 installments of INR 75781.33 starting 2026-06-11 totaling INR 227343.99. Maintains balance above minimum requirement INR 124300.00.
request_56,777.1,affordable_with_plan,partial_payment,2025-02-03:777.1|2025-02-15:104.46,2025-02-15,none,Partial payment plan: Pay safe amount USD 777.1 today on 2025-02-03 and remaining USD 104.46 on 2025-02-15. Completes full requested USD 881.56 by desired completion date 2025-03-13 while protecting USD 2100.00 minimum.
request_57,12683.67,affordable_later,wait,none,2026-06-15,none,Wait until 2026-06-15 to pay ZAR 61446 in full. Paying before 2026-06-15 would breach the ZAR 42700.00 minimum balance requirement.
request_58,16226000,affordable_now,full_payment,2024-12-07:16226000,2024-12-07,none,Full payment of IDR 16226000 today on 2024-12-07. Maintains minimum balance requirement of IDR 14433900.00 (forecast safety margin is IDR 18464196.17).
request_59,140600,affordable_with_plan,installments,2025-05-04:140600,2025-05-04,none,Payment option payment_option_164: 1 installments of INR 140600 starting 2025-05-04 totaling INR 140600. Maintains balance above minimum requirement INR 132600.00.
request_60,116.62,not_affordable,not_recommended,none,,none,"Do not proceed with the USD 199.89 request by desired completion date 2026-03-04. Although safe amount today is USD 116.62, full payment cannot be safely completed without breaching the minimum balance requirement of USD 400.00."
request_61,29062,affordable_with_plan,installments,2024-03-03:29062,2024-03-03,none,Payment option payment_option_170: 1 installments of ZAR 29062 starting 2024-03-03 totaling ZAR 29062. Maintains balance above minimum requirement ZAR 36700.00.
request_62,404.23,affordable_now,full_payment,2025-08-05:404.23,2025-08-05,none,Full payment of USD 404.23 today on 2025-08-05. Maintains minimum balance requirement of USD 1300.00 (forecast safety margin is USD 3727.11).
request_63,55478.54,affordable_with_plan,partial_payment,2026-07-07:55478.54|2026-09-15:288421.46,2026-09-15,none,Partial payment plan: Pay safe amount INR 55478.54 today on 2026-07-07 and remaining INR 288421.46 on 2026-09-15. Completes full requested INR 343900 by desired completion date 2026-09-17 while protecting INR 153500.00 minimum.
request_64,0,not_affordable,not_recommended,none,,none,Do not make this payment by desired completion date 2024-08-16. None of the available payment options keeps the INR 36100.00 minimum balance protected.
request_65,7114.42,not_affordable,not_recommended,none,,none,"Do not proceed with the ZAR 54340 request by desired completion date 2025-11-25. Although safe amount today is ZAR 7114.42, full payment cannot be safely completed without breaching the minimum balance requirement of ZAR 15500.00."
request_66,22200,affordable_now,full_payment,2026-04-03:22200,2026-04-03,none,Full payment of INR 22200 today on 2026-04-03. Maintains minimum balance requirement of INR 80700.00 (forecast safety margin is INR 187755.81).
request_67,510.95,affordable_later,wait,none,2024-10-15,none,Wait until 2024-10-15 to pay USD 2094 in full. Paying before 2024-10-15 would breach the USD 1200.00 minimum balance requirement.
request_68,1437.35,affordable_with_plan,installments,2025-02-14:725.09|2025-03-14:725.09|2025-04-11:725.09,2025-03-15,none,Payment option payment_option_187: 3 installments of USD 725.09 starting 2025-02-14 totaling USD 2175.27. Maintains balance above minimum requirement USD 1500.00.
request_69,529.1,affordable_now,full_payment,2026-01-04:529.1,2026-01-04,none,Full payment of EUR 529.1 today on 2026-01-04. Maintains minimum balance requirement of EUR 700.00 (forecast safety margin is EUR 555.67).
request_70,59952.21,affordable_later,wait,none,2025-01-15,none,Wait until 2025-01-15 to pay INR 243900 in full. Paying before 2025-01-15 would breach the INR 115000.00 minimum balance requirement.
request_71,1625345.33,not_affordable,not_recommended,none,,none,"Do not proceed with the IDR 21451000 request by desired completion date 2025-05-28. Although safe amount today is IDR 1625345.33, full payment cannot be safely completed without breaching the minimum balance requirement of IDR 8884800.00."
request_72,11330,affordable_now,full_payment,2026-07-05:11330,2026-07-05,none,Full payment of ZAR 11330 today on 2026-07-05. Maintains minimum balance requirement of ZAR 12200.00 (forecast safety margin is ZAR 12707.61).
request_73,71400,affordable_now,full_payment,2023-01-20:71400,2023-01-20,none,Full payment of INR 71400 today on 2023-01-20. Maintains minimum balance requirement of INR 103200.00 (forecast safety margin is INR 78779.93).
request_74,5010,affordable_now,full_payment,2025-08-04:5010,2025-08-04,none,Full payment of ZAR 5010 today on 2025-08-04. Maintains minimum balance requirement of ZAR 21900.00 (forecast safety margin is ZAR 46444.36).
request_75,24327.26,not_affordable,not_recommended,none,,none,"Do not proceed with the ZAR 28270 request by desired completion date 2026-06-12. Although safe amount today is ZAR 24327.26, full payment cannot be safely completed without breaching the minimum balance requirement of ZAR 39000.00."
request_76,824.1,not_affordable,not_recommended,none,,none,"Do not proceed with the USD 4455.6 request by desired completion date 2024-07-30. Although safe amount today is USD 824.1, full payment cannot be safely completed without breaching the minimum balance requirement of USD 1800.00."
request_77,60700,affordable_now,full_payment,2025-11-05:60700,2025-11-05,none,Full payment of INR 60700 today on 2025-11-05. Maintains minimum balance requirement of INR 82200.00 (forecast safety margin is INR 61343.41).
request_78,50200,affordable_now,full_payment,2025-10-02:50200,2025-10-02,none,Full payment of INR 50200 today on 2025-10-02. Maintains minimum balance requirement of INR 55200.00 (forecast safety margin is INR 54172.00).
request_79,411.15,not_affordable,not_recommended,none,,none,"Do not proceed with the EUR 2151.6 request by desired completion date 2024-11-01. Although safe amount today is EUR 411.15, full payment cannot be safely completed without breaching the minimum balance requirement of EUR 1000.00."
request_80,84978.71,not_affordable,not_recommended,none,,none,"Do not proceed with the INR 217500 request by desired completion date 2025-02-21. Although safe amount today is INR 84978.71, full payment cannot be safely completed without breaching the minimum balance requirement of INR 121300.00."
request_81,2076,affordable_now,full_payment,2026-07-03:2076,2026-07-03,none,Full payment of USD 2076 today on 2026-07-03. Maintains minimum balance requirement of USD 1600.00 (forecast safety margin is USD 2273.96).
request_82,386.49,affordable_later,wait,none,2025-02-15,none,Wait until 2025-02-15 to pay USD 1405.2 in full. Paying before 2025-02-15 would breach the USD 1100.00 minimum balance requirement.
request_83,9740.32,not_affordable,not_recommended,none,,none,"Do not proceed with the INR 156200 request by desired completion date 2025-06-17. Although safe amount today is INR 9740.32, full payment cannot be safely completed without breaching the minimum balance requirement of INR 37800.00."
request_84,30326.2,affordable_later,wait,none,2026-05-15,none,Wait until 2026-05-15 to pay INR 95400 in full. Paying before 2026-05-15 would breach the INR 91300.00 minimum balance requirement.
request_85,659436.77,not_affordable,not_recommended,none,,none,"Do not proceed with the IDR 19304000 request by desired completion date 2024-04-26. Although safe amount today is IDR 659436.77, full payment cannot be safely completed without breaching the minimum balance requirement of IDR 6396300.00."
request_86,46300,affordable_now,full_payment,2025-08-03:46300,2025-08-03,none,Full payment of INR 46300 today on 2025-08-03. Maintains minimum balance requirement of INR 84900.00 (forecast safety margin is INR 54620.25).
request_87,40236.42,not_affordable,not_recommended,none,,none,"Do not proceed with the INR 487900 request by desired completion date 2026-03-15. Although safe amount today is INR 40236.42, full payment cannot be safely completed without breaching the minimum balance requirement of INR 185900.00."
request_88,11959.79,affordable_with_plan,installments,2024-06-14:9045.23|2024-07-15:9045.23|2024-08-15:9045.23,2024-06-15,none,Payment option payment_option_245: 3 installments of ZAR 9045.23 starting 2024-06-14 totaling ZAR 27135.69. Maintains balance above minimum requirement ZAR 25800.00.
request_89,9216815.34,not_affordable,not_recommended,none,,none,"Do not proceed with the IDR 13756000 request by desired completion date 2026-01-15. Although safe amount today is IDR 9216815.34, full payment cannot be safely completed without breaching the minimum balance requirement of IDR 12534700.00."
request_90,2560,affordable_now,full_payment,2026-07-06:2560,2026-07-06,none,Full payment of ZAR 2560 today on 2026-07-06. Maintains minimum balance requirement of ZAR 7600.00 (forecast safety margin is ZAR 23285.94).
request_91,469.13,affordable_later,wait,none,2024-11-15,none,Wait until 2024-11-15 to pay EUR 1927.2 in full. Paying before 2024-11-15 would breach the EUR 2100.00 minimum balance requirement.
request_92,34034,affordable_now,full_payment,2025-02-05:34034,2025-02-05,none,Full payment of ZAR 34034 today on 2025-02-05. Maintains minimum balance requirement of ZAR 28100.00 (forecast safety margin is ZAR 38848.05).
request_93,1729.2,affordable_now,full_payment,2026-04-07:1729.2,2026-04-07,none,Full payment of USD 1729.2 today on 2026-04-07. Maintains minimum balance requirement of USD 1900.00 (forecast safety margin is USD 1844.31).
request_94,572,affordable_now,full_payment,2024-12-04:572,2024-12-04,none,Full payment of EUR 572 today on 2024-12-04. Maintains minimum balance requirement of EUR 600.00 (forecast safety margin is EUR 1996.96).
request_95,49704.89,not_affordable,not_recommended,none,,none,"Do not proceed with the INR 553000 request by desired completion date 2025-07-14. Although safe amount today is INR 49704.89, full payment cannot be safely completed without breaching the minimum balance requirement of INR 145500.00."
request_96,78778.23,affordable_with_plan,installments,2026-01-10:31269.33|2026-02-09:31269.33|2026-03-11:31269.33,2026-01-15,none,Payment option payment_option_269: 3 installments of INR 31269.33 starting 2026-01-10 totaling INR 93807.99. Maintains balance above minimum requirement INR 56500.00.
request_97,2929.44,affordable_with_plan,installments,2024-03-19:8145.28|2024-04-19:8145.28|2024-05-20:8145.28,2024-04-15,none,Payment option payment_option_272: 3 installments of ZAR 8145.28 starting 2024-03-19 totaling ZAR 24435.84. Maintains balance above minimum requirement ZAR 29700.00.
request_98,9858,affordable_later,wait,none,2025-09-15,none,Wait until 2025-09-15 to pay ZAR 27148 in full. Paying before 2025-09-15 would breach the ZAR 30000.00 minimum balance requirement.
request_99,18062,affordable_now,full_payment,2026-07-04:18062,2026-07-04,none,Full payment of ZAR 18062 today on 2026-07-04. Maintains minimum balance requirement of ZAR 49100.00 (forecast safety margin is ZAR 23571.21).
request_100,26197.4,affordable_with_plan,installments,2024-06-13:12866.19|2024-07-14:12866.19|2024-08-14:12866.19,2024-07-15,none,Payment option payment_option_281: 3 installments of ZAR 12866.19 starting 2024-06-13 totaling ZAR 38598.57. Maintains balance above minimum requirement ZAR 32500.00.
request_101,143500,affordable_now,full_payment,2025-11-03:143500,2025-11-03,none,Full payment of INR 143500 today on 2025-11-03. Maintains minimum balance requirement of INR 187400.00 (forecast safety margin is INR 166482.84).
request_102,1716,affordable_with_plan,installments,2026-04-05:1716,2026-04-05,none,Payment option payment_option_288: 1 installments of EUR 1716 starting 2026-04-05 totaling EUR 1716. Maintains balance above minimum requirement EUR 900.00.
request_103,12502.56,not_affordable,not_recommended,none,,none,"Do not proceed with the INR 368300 request by desired completion date 2024-10-07. Although safe amount today is INR 12502.56, full payment cannot be safely completed without breaching the minimum balance requirement of INR 125500.00."
request_104,10641.39,affordable_later,wait,none,2025-04-15,none,Wait until 2025-04-15 to pay ZAR 17204 in full. Paying before 2025-04-15 would breach the ZAR 24700.00 minimum balance requirement.
request_105,53500,affordable_now,full_payment,2026-06-08:53500,2026-06-08,none,Full payment of INR 53500 today on 2026-06-08. Maintains minimum balance requirement of INR 73900.00 (forecast safety margin is INR 54322.02).
request_106,539.84,affordable_later,wait,none,2025-01-15,none,Wait until 2025-01-15 to pay EUR 2207.7 in full. Paying before 2025-01-15 would breach the EUR 1200.00 minimum balance requirement.
request_107,2534.4,affordable_with_plan,installments,2025-05-05:2534.4,2025-05-05,none,Payment option payment_option_302: 1 installments of EUR 2534.4 starting 2025-05-05 totaling EUR 2534.4. Maintains balance above minimum requirement EUR 1600.00.
request_108,3443.44,not_affordable,not_recommended,none,,none,"Do not proceed with the ZAR 55308 request by desired completion date 2026-07-26. Although safe amount today is ZAR 3443.44, full payment cannot be safely completed without breaching the minimum balance requirement of ZAR 24100.00."
request_109,719.07,affordable_with_plan,installments,2024-03-18:645.98|2024-04-18:645.98|2024-05-19:645.98,2024-04-15,none,Payment option payment_option_307: 3 installments of EUR 645.98 starting 2024-03-18 totaling EUR 1937.94. Maintains balance above minimum requirement EUR 1700.00.
request_110,21431.22,not_affordable,not_recommended,none,,none,"Do not proceed with the ZAR 22352 request by desired completion date 2025-10-11. Although safe amount today is ZAR 21431.22, full payment cannot be safely completed without breaching the minimum balance requirement of ZAR 11200.00."
request_111,16625000,affordable_now,full_payment,2026-04-03:16625000,2026-04-03,none,Full payment of IDR 16625000 today on 2026-04-03. Maintains minimum balance requirement of IDR 23022800.00 (forecast safety margin is IDR 19861778.76).
request_112,271.7,affordable_now,full_payment,2024-06-05:271.7,2024-06-05,none,Full payment of EUR 271.7 today on 2024-06-05. Maintains minimum balance requirement of EUR 500.00 (forecast safety margin is EUR 322.17).
request_113,32724.69,affordable_later,wait,none,2026-09-15,none,Wait until 2026-09-15 to pay INR 36500 in full. Paying before 2026-09-15 would breach the INR 82300.00 minimum balance requirement.
request_114,53863.86,not_affordable,not_recommended,none,,none,"Do not proceed with the INR 65300 request by desired completion date 2026-01-14. Although safe amount today is INR 53863.86, full payment cannot be safely completed without breaching the minimum balance requirement of INR 113400.00."
request_115,16371.71,affordable_later,wait,none,2024-10-15,none,Wait until 2024-10-15 to pay INR 80500 in full. Paying before 2024-10-15 would breach the INR 38800.00 minimum balance requirement.
request_116,18597.02,not_affordable,not_recommended,none,,none,"Do not proceed with the INR 241200 request by desired completion date 2025-04-16. Although safe amount today is INR 18597.02, full payment cannot be safely completed without breaching the minimum balance requirement of INR 80300.00."
request_117,880,affordable_now,full_payment,2026-07-05:880,2026-07-05,none,Full payment of EUR 880 today on 2026-07-05. Maintains minimum balance requirement of EUR 1000.00 (forecast safety margin is EUR 964.01).
request_118,664.97,affordable_with_plan,installments,2024-12-07:255.87|2025-01-07:255.87|2025-02-07:255.87,2025-01-15,none,Payment option payment_option_334: 3 installments of EUR 255.87 starting 2024-12-07 totaling EUR 767.61. Maintains balance above minimum requirement EUR 600.00.
request_119,70146.78,affordable_with_plan,installments,2025-05-18:70546.67|2025-06-15:70546.67|2025-07-13:70546.67,2025-06-15,none,Payment option payment_option_337: 3 installments of INR 70546.67 starting 2025-05-18 totaling INR 211640.01. Maintains balance above minimum requirement INR 151200.00.
request_120,7714000,affordable_now,full_payment,2026-04-06:7714000,2026-04-06,none,Full payment of IDR 7714000 today on 2026-04-06. Maintains minimum balance requirement of IDR 20050300.00 (forecast safety margin is IDR 8699145.75).
request_121,633.6,affordable_now,full_payment,2024-03-03:633.6,2024-03-03,none,Full payment of USD 633.6 today on 2024-03-03. Maintains minimum balance requirement of USD 800.00 (forecast safety margin is USD 796.72).
request_122,20558000,affordable_with_plan,installments,2025-08-05:20558000,2025-08-05,none,Payment option payment_option_348: 1 installments of IDR 20558000 starting 2025-08-05 totaling IDR 20558000. Maintains balance above minimum requirement IDR 12588500.00.
request_123,2741791.1,not_affordable,not_recommended,none,,none,"Do not proceed with the IDR 4076000 request by desired completion date 2026-03-28. Although safe amount today is IDR 2741791.1, full payment cannot be safely completed without breaching the minimum balance requirement of IDR 18091200.00."
request_124,1498.4,affordable_with_plan,installments,2024-06-11:1076.12|2024-07-12:1076.12|2024-08-12:1076.12,2024-07-15,none,Payment option payment_option_352: 3 installments of EUR 1076.12 starting 2024-06-11 totaling EUR 3228.36. Maintains balance above minimum requirement EUR 1600.00.
request_125,6468,affordable_now,full_payment,2025-11-06:6468,2025-11-06,none,Full payment of ZAR 6468 today on 2025-11-06. Maintains minimum balance requirement of ZAR 11300.00 (forecast safety margin is ZAR 7005.26).
request_126,81431.98,not_affordable,not_recommended,none,,none,"Do not proceed with the INR 159600 request by desired completion date 2026-07-17. Although safe amount today is INR 81431.98, full payment cannot be safely completed without breaching the minimum balance requirement of INR 129700.00."
request_127,11168.7,affordable_later,wait,none,2024-10-15,none,Wait until 2024-10-15 to pay ZAR 23980 in full. Paying before 2024-10-15 would breach the ZAR 41000.00 minimum balance requirement.
request_128,25168,affordable_now,full_payment,2025-02-07:25168,2025-02-07,none,Full payment of ZAR 25168 today on 2025-02-07. Maintains minimum balance requirement of ZAR 42600.00 (forecast safety margin is ZAR 29242.81).
request_129,109.93,not_affordable,not_recommended,none,,none,"Do not proceed with the USD 2668.8 request by desired completion date 2026-06-18. Although safe amount today is USD 109.93, full payment cannot be safely completed without breaching the minimum balance requirement of USD 800.00."
request_130,484.61,affordable_later,wait,none,2025-02-15,none,Wait until 2025-02-15 to pay USD 1978.8 in full. Paying before 2025-02-15 would breach the USD 1400.00 minimum balance requirement.
request_131,1412.08,affordable_with_plan,installments,2025-05-06:643.14|2025-06-03:643.14|2025-07-01:643.14,2025-06-15,none,Payment option payment_option_372: 3 installments of USD 643.14 starting 2025-05-06 totaling USD 1929.42. Maintains balance above minimum requirement USD 1100.00.
request_132,249.03,not_affordable,not_recommended,none,,none,"Do not proceed with the USD 379.86 request by desired completion date 2026-02-25. Although safe amount today is USD 249.03, full payment cannot be safely completed without breaching the minimum balance requirement of USD 1100.00."
request_133,5432395.72,not_affordable,not_recommended,none,,none,"Do not proceed with the IDR 15770000 request by desired completion date 2024-03-29. Although safe amount today is IDR 5432395.72, full payment cannot be safely completed without breaching the minimum balance requirement of IDR 9986200.00."
request_134,6003715.82,affordable_later,wait,none,2025-09-15,none,Wait until 2025-09-15 to pay IDR 21831000 in full. Paying before 2025-09-15 would breach the IDR 15902500.00 minimum balance requirement.
request_135,304.8,affordable_now,full_payment,2026-07-06:304.8,2026-07-06,none,Full payment of USD 304.8 today on 2026-07-06. Maintains minimum balance requirement of USD 500.00 (forecast safety margin is USD 372.62).
request_136,560.4,affordable_now,full_payment,2024-06-03:560.4,2024-06-03,none,Full payment of USD 560.4 today on 2024-06-03. Maintains minimum balance requirement of USD 1100.00 (forecast safety margin is USD 584.83).
request_137,25583.97,affordable_later,wait,none,2026-01-15,none,Wait until 2026-01-15 to pay INR 80100 in full. Paying before 2026-01-15 would breach the INR 71800.00 minimum balance requirement.
request_138,724.92,affordable_with_plan,partial_payment,2026-04-07:724.92|2026-04-15:532.02,2026-04-15,none,Partial payment plan: Pay safe amount EUR 724.92 today on 2026-04-07 and remaining EUR 532.02 on 2026-04-15. Completes full requested EUR 1256.94 by desired completion date 2026-06-05 while protecting EUR 2300.00 minimum.
request_139,1474.27,affordable_with_plan,installments,2024-09-07:802.88|2024-10-08:802.88|2024-11-08:802.88,2024-10-15,none,Payment option payment_option_395: 3 installments of USD 802.88 starting 2024-09-07 totaling USD 2408.64. Maintains balance above minimum requirement USD 1500.00.
request_140,3093.11,not_affordable,not_recommended,none,,none,"Do not proceed with the ZAR 62832 request by desired completion date 2025-03-04. Although safe amount today is ZAR 3093.11, full payment cannot be safely completed without breaching the minimum balance requirement of ZAR 21600.00."
request_141,33874.66,not_affordable,not_recommended,none,,none,"Do not proceed with the INR 171600 request by desired completion date 2026-02-12. Although safe amount today is INR 33874.66, full payment cannot be safely completed without breaching the minimum balance requirement of INR 67300.00."
request_142,1263.6,affordable_now,full_payment,2024-12-05:1263.6,2024-12-05,none,Full payment of USD 1263.6 today on 2024-12-05. Maintains minimum balance requirement of USD 1700.00 (forecast safety margin is USD 3860.95).
request_143,3992.71,affordable_later,wait,none,2025-06-15,none,Wait until 2025-06-15 to pay ZAR 12584 in full. Paying before 2025-06-15 would breach the ZAR 11300.00 minimum balance requirement.
request_144,233.34,affordable_now,full_payment,2026-07-04:233.34,2026-07-04,none,Full payment of USD 233.34 today on 2026-07-04. Maintains minimum balance requirement of USD 600.00 (forecast safety margin is USD 283.08).
request_145,30434.3,affordable_with_plan,installments,2024-03-20:75365.33|2024-04-20:75365.33|2024-05-21:75365.33,2024-05-15,none,Payment option payment_option_412: 3 installments of INR 75365.33 starting 2024-03-20 totaling INR 226095.99. Maintains balance above minimum requirement INR 155400.00.
request_146,19393.07,not_affordable,not_recommended,none,,none,"Do not proceed with the INR 449400 request by desired completion date 2025-10-17. Although safe amount today is INR 19393.07, full payment cannot be safely completed without breaching the minimum balance requirement of INR 108600.00."
request_147,477.81,affordable_with_plan,installments,2026-04-08:391.63|2026-05-08:391.63|2026-06-07:391.63,2026-05-15,none,Payment option payment_option_418: 3 installments of EUR 391.63 starting 2026-04-08 totaling EUR 1174.89. Maintains balance above minimum requirement EUR 900.00.
request_148,8022.21,affordable_with_plan,installments,2024-06-14:7710.56|2024-07-15:7710.56|2024-08-15:7710.56,2024-07-15,none,Payment option payment_option_421: 3 installments of ZAR 7710.56 starting 2024-06-14 totaling ZAR 23131.68. Maintains balance above minimum requirement ZAR 20000.00.
request_149,22528.97,affordable_with_plan,installments,2025-11-18:12706.03|2025-12-16:12706.03|2026-01-13:12706.03,2025-12-15,none,Payment option payment_option_424: 3 installments of ZAR 12706.03 starting 2025-11-18 totaling ZAR 38118.09. Maintains balance above minimum requirement ZAR 42100.00.
request_150,237.69,not_affordable,not_recommended,none,,none,"Do not proceed with the EUR 496.1 request by desired completion date 2026-03-16. Although safe amount today is EUR 237.69, full payment cannot be safely completed without breaching the minimum balance requirement of EUR 700.00."
request_151,26999000,affordable_now,full_payment,2024-09-03:26999000,2024-09-03,none,Full payment of IDR 26999000 today on 2024-09-03. Maintains minimum balance requirement of IDR 31633600.00 (forecast safety margin is IDR 30828880.53).
request_152,11685.08,affordable_with_plan,installments,2025-02-12:4812.43|2025-03-12:4812.43|2025-04-09:4812.43,2025-02-15,none,Payment option payment_option_433: 3 installments of ZAR 4812.43 starting 2025-02-12 totaling ZAR 14437.29. Maintains balance above minimum requirement ZAR 11900.00.
request_153,218.12,not_affordable,not_recommended,none,,none,"Do not proceed with the USD 2830.8 request by desired completion date 2026-09-24. Although safe amount today is USD 218.12, full payment cannot be safely completed without breaching the minimum balance requirement of USD 1400.00."
request_154,1625.8,affordable_with_plan,installments,2024-12-04:1625.8,2024-12-04,none,Payment option payment_option_439: 1 installments of EUR 1625.8 starting 2024-12-04 totaling EUR 1625.8. Maintains balance above minimum requirement EUR 1300.00.
request_155,112500,affordable_now,full_payment,2025-05-06:112500,2025-05-06,none,Full payment of INR 112500 today on 2025-05-06. Maintains minimum balance requirement of INR 56300.00 (forecast safety margin is INR 138120.77).
request_156,9888.88,affordable_later,wait,none,2026-05-15,none,Wait until 2026-05-15 to pay ZAR 43076 in full. Paying before 2026-05-15 would breach the ZAR 26900.00 minimum balance requirement.
request_157,4641026.34,affordable_later,wait,none,2024-05-15,none,Wait until 2024-05-15 to pay IDR 23503000 in full. Paying before 2024-05-15 would breach the IDR 15714100.00 minimum balance requirement.
request_158,242600,affordable_with_plan,installments,2025-08-07:242600,2025-08-07,none,Payment option payment_option_450: 1 installments of INR 242600 starting 2025-08-07 totaling INR 242600. Maintains balance above minimum requirement INR 131400.00.
request_159,0,not_affordable,not_recommended,none,,none,Do not make this payment by desired completion date 2026-03-20. None of the available payment options keeps the ZAR 8700.00 minimum balance protected.
request_160,560.31,affordable_with_plan,installments,2024-06-13:432.05|2024-07-14:432.05|2024-08-14:432.05,2024-06-15,none,Payment option payment_option_454: 3 installments of EUR 432.05 starting 2024-06-13 totaling EUR 1296.15. Maintains balance above minimum requirement EUR 1200.00.
request_161,7102885.8,affordable_later,wait,none,2026-01-15,none,Wait until 2026-01-15 to pay IDR 21204000 in full. Paying before 2026-01-15 would breach the IDR 23010400.00 minimum balance requirement.
request_162,4603254.21,not_affordable,not_recommended,none,,none,"Do not proceed with the IDR 83923000 request by desired completion date 2026-08-26. Although safe amount today is IDR 4603254.21, full payment cannot be safely completed without breaching the minimum balance requirement of IDR 24161100.00."
request_163,11251388.67,affordable_with_plan,installments,2024-09-10:6692053.33|2024-10-11:6692053.33|2024-11-11:6692053.33,2024-10-15,none,Payment option payment_option_462: 3 installments of IDR 6692053.33 starting 2024-09-10 totaling IDR 20076159.99. Maintains balance above minimum requirement IDR 26728700.00.
request_164,27018000,affordable_with_plan,installments,2025-02-04:27018000,2025-02-04,none,Payment option payment_option_466: 1 installments of IDR 27018000 starting 2025-02-04 totaling IDR 27018000. Maintains balance above minimum requirement IDR 29550500.00.
request_165,80600,affordable_now,full_payment,2026-04-06:80600,2026-04-06,none,Full payment of INR 80600 today on 2026-04-06. Maintains minimum balance requirement of INR 95000.00 (forecast safety margin is INR 109550.22).
request_166,2907.6,affordable_with_plan,installments,2024-12-03:2907.6,2024-12-03,none,Payment option payment_option_472: 1 installments of USD 2907.6 starting 2024-12-03 totaling USD 2907.6. Maintains balance above minimum requirement USD 1700.00.
request_167,43802,affordable_now,full_payment,2025-05-05:43802,2025-05-05,none,Full payment of ZAR 43802 today on 2025-05-05. Maintains minimum balance requirement of ZAR 31200.00 (forecast safety margin is ZAR 58181.18).
request_168,12798.42,not_affordable,not_recommended,none,,none,"Do not proceed with the INR 49380 request by desired completion date 2026-03-16. Although safe amount today is INR 12798.42, full payment cannot be safely completed without breaching the minimum balance requirement of INR 114400.00."
request_169,41976,affordable_now,full_payment,2024-03-04:41976,2024-03-04,none,Full payment of ZAR 41976 today on 2024-03-04. Maintains minimum balance requirement of ZAR 18700.00 (forecast safety margin is ZAR 50437.05).
request_170,32616999.37,affordable_with_plan,installments,2025-08-06:12804480|2025-09-03:12804480|2025-10-01:12804480,2025-08-15,none,Payment option payment_option_483: 3 installments of IDR 12804480 starting 2025-08-06 totaling IDR 38413440. Maintains balance above minimum requirement IDR 24715800.00.
request_171,77.23,not_affordable,not_recommended,none,,none,"Do not proceed with the EUR 1878.8 request by desired completion date 2026-09-10. Although safe amount today is EUR 77.23, full payment cannot be safely completed without breaching the minimum balance requirement of EUR 500.00."
request_172,8455.61,affordable_with_plan,partial_payment,2024-06-05:8455.61|2024-06-15:1744.39,2024-06-15,none,Partial payment plan: Pay safe amount ZAR 8455.61 today on 2024-06-05 and remaining ZAR 1744.39 on 2024-06-15. Completes full requested ZAR 10200 by desired completion date 2024-07-15 while protecting ZAR 27200.00 minimum.
request_173,66894.77,affordable_with_plan,installments,2025-11-21:39173.33|2025-12-19:39173.33|2026-01-16:39173.33,2025-12-15,none,Payment option payment_option_491: 3 installments of INR 39173.33 starting 2025-11-21 totaling INR 117519.99. Maintains balance above minimum requirement INR 79100.00.
request_174,1146.2,affordable_with_plan,installments,2026-04-04:1146.2,2026-04-04,none,Payment option payment_option_495: 1 installments of EUR 1146.2 starting 2026-04-04 totaling EUR 1146.2. Maintains balance above minimum requirement EUR 700.00.
request_175,2346.3,affordable_now,full_payment,2024-09-06:2346.3,2024-09-06,none,Full payment of EUR 2346.3 today on 2024-09-06. Maintains minimum balance requirement of EUR 1700.00 (forecast safety margin is EUR 2763.71).
request_176,397.27,not_affordable,not_recommended,none,,none,"Do not proceed with the EUR 1239.7 request by desired completion date 2025-02-27. Although safe amount today is EUR 397.27, full payment cannot be safely completed without breaching the minimum balance requirement of EUR 600.00."
request_177,1017.6,affordable_now,full_payment,2026-01-05:1017.6,2026-01-05,none,Full payment of USD 1017.6 today on 2026-01-05. Maintains minimum balance requirement of USD 1300.00 (forecast safety margin is USD 1125.14).
request_178,2938.1,affordable_with_plan,installments,2024-12-07:2938.1,2024-12-07,none,Payment option payment_option_507: 1 installments of EUR 2938.1 starting 2024-12-07 totaling EUR 2938.1. Maintains balance above minimum requirement EUR 1400.00.
request_179,9931583.28,affordable_later,wait,none,2025-07-15,none,Wait until 2025-07-15 to pay IDR 41648000 in full. Paying before 2025-07-15 would breach the IDR 41430800.00 minimum balance requirement.
request_180,66500,affordable_now,full_payment,2026-07-06:66500,2026-07-06,none,Full payment of INR 66500 today on 2026-07-06. Maintains minimum balance requirement of INR 37300.00 (forecast safety margin is INR 79058.47).
request_181,266.2,not_affordable,not_recommended,none,,none,"Do not proceed with the USD 5059.2 request by desired completion date 2024-04-07. Although safe amount today is USD 266.2, full payment cannot be safely completed without breaching the minimum balance requirement of USD 2000.00."
request_182,65714,affordable_now,full_payment,2025-08-05:65714,2025-08-05,none,Full payment of ZAR 65714 today on 2025-08-05. Maintains minimum balance requirement of ZAR 31100.00 (forecast safety margin is ZAR 80618.71).
request_183,24888298.97,affordable_with_plan,installments,2026-04-10:9313546.67|2026-05-10:9313546.67|2026-06-09:9313546.67,2026-04-15,none,Payment option payment_option_521: 3 installments of IDR 9313546.67 starting 2026-04-10 totaling IDR 27940640.01. Maintains balance above minimum requirement IDR 11878300.00.
request_184,17503.89,not_affordable,not_recommended,none,,none,"Do not proceed with the INR 251900 request by desired completion date 2024-07-30. Although safe amount today is INR 17503.89, full payment cannot be safely completed without breaching the minimum balance requirement of INR 110800.00."
request_185,358.17,affordable_later,wait,none,2026-01-15,none,Wait until 2026-01-15 to pay EUR 1257.3 in full. Paying before 2026-01-15 would breach the EUR 1300.00 minimum balance requirement.
request_186,3815.55,not_affordable,not_recommended,none,,none,"Do not proceed with the ZAR 26554 request by desired completion date 2026-03-15. Although safe amount today is ZAR 3815.55, full payment cannot be safely completed without breaching the minimum balance requirement of ZAR 22000.00."
request_187,45576.87,affordable_later,wait,none,2024-10-15,none,Wait until 2024-10-15 to pay INR 187500 in full. Paying before 2024-10-15 would breach the INR 128300.00 minimum balance requirement.
request_188,173.22,not_affordable,not_recommended,none,,none,"Do not proceed with the EUR 2464 request by desired completion date 2025-03-04. Although safe amount today is EUR 173.22, full payment cannot be safely completed without breaching the minimum balance requirement of EUR 900.00."
request_189,488.4,affordable_now,full_payment,2026-07-04:488.4,2026-07-04,none,Full payment of EUR 488.4 today on 2026-07-04. Maintains minimum balance requirement of EUR 400.00 (forecast safety margin is EUR 607.00).
request_190,600.71,affordable_later,wait,none,2025-02-15,none,Wait until 2025-02-15 to pay EUR 2557.5 in full. Paying before 2025-02-15 would breach the EUR 1600.00 minimum balance requirement.
request_191,664.4,affordable_now,full_payment,2025-05-03:664.4,2025-05-03,none,Full payment of EUR 664.4 today on 2025-05-03. Maintains minimum balance requirement of EUR 500.00 (forecast safety margin is EUR 840.13).
request_192,220.45,not_affordable,not_recommended,none,,none,"Do not proceed with the USD 2046 request by desired completion date 2026-05-11. Although safe amount today is USD 220.45, full payment cannot be safely completed without breaching the minimum balance requirement of USD 1000.00."
request_193,92.34,affordable_with_plan,installments,2024-03-21:420.23|2024-04-21:420.23|2024-05-22:420.23,2024-04-15,none,Payment option payment_option_549: 3 installments of EUR 420.23 starting 2024-03-21 totaling EUR 1260.69. Maintains balance above minimum requirement EUR 1000.00.
request_194,38637.89,affordable_later,wait,none,2025-10-15,none,Wait until 2025-10-15 to pay INR 132800 in full. Paying before 2025-10-15 would breach the INR 113600.00 minimum balance requirement.
request_195,856.95,not_affordable,not_recommended,none,,none,"Do not proceed with the EUR 1170.4 request by desired completion date 2026-03-11. Although safe amount today is EUR 856.95, full payment cannot be safely completed without breaching the minimum balance requirement of EUR 700.00."
request_196,762.3,affordable_now,full_payment,2024-06-03:762.3,2024-06-03,none,Full payment of EUR 762.3 today on 2024-06-03. Maintains minimum balance requirement of EUR 500.00 (forecast safety margin is EUR 958.64).
request_197,50939000,affordable_with_plan,installments,2025-11-05:50939000,2025-11-05,none,Payment option payment_option_563: 1 installments of IDR 50939000 starting 2025-11-05 totaling IDR 50939000. Maintains balance above minimum requirement IDR 26245900.00.
request_198,185800,affordable_now,full_payment,2026-07-07:185800,2026-07-07,none,Full payment of INR 185800 today on 2026-07-07. Maintains minimum balance requirement of INR 124300.00 (forecast safety margin is INR 231345.64).
request_199,23674000,affordable_with_plan,installments,2024-09-04:23674000,2024-09-04,none,Payment option payment_option_570: 1 installments of IDR 23674000 starting 2024-09-04 totaling IDR 23674000. Maintains balance above minimum requirement IDR 25359500.00.
request_200,21717000,affordable_now,full_payment,2025-02-06:21717000,2025-02-06,none,Full payment of IDR 21717000 today on 2025-02-06. Maintains minimum balance requirement of IDR 20114600.00 (forecast safety margin is IDR 27130324.62).
request_201,23997000,affordable_now,full_payment,2026-04-03:23997000,2026-04-03,none,Full payment of IDR 23997000 today on 2026-04-03. Maintains minimum balance requirement of IDR 17304500.00 (forecast safety margin is IDR 26156419.81).
request_202,123900,affordable_now,full_payment,2024-12-05:123900,2024-12-05,none,Full payment of INR 123900 today on 2024-12-05. Maintains minimum balance requirement of INR 147800.00 (forecast safety margin is INR 145301.07).
request_203,1428.42,not_affordable,not_recommended,none,,none,"Do not proceed with the EUR 1442.1 request by desired completion date 2025-07-08. Although safe amount today is EUR 1428.42, full payment cannot be safely completed without breaching the minimum balance requirement of EUR 1400.00."
request_204,588.74,affordable_now,full_payment,2026-01-04:588.74,2026-01-04,none,Full payment of EUR 588.74 today on 2026-01-04. Maintains minimum balance requirement of EUR 1300.00 (forecast safety margin is EUR 651.47).
request_205,10621000,affordable_now,full_payment,2024-03-06:10621000,2024-03-06,none,Full payment of IDR 10621000 today on 2024-03-06. Maintains minimum balance requirement of IDR 13994300.00 (forecast safety margin is IDR 13617670.85).
request_206,1404.7,affordable_with_plan,installments,2025-08-03:1404.7,2025-08-03,none,Payment option payment_option_593: 1 installments of EUR 1404.7 starting 2025-08-03 totaling EUR 1404.7. Maintains balance above minimum requirement EUR 900.00.
request_207,6737.41,affordable_later,wait,none,2026-07-15,none,Wait until 2026-07-15 to pay ZAR 11830 in full. Paying before 2026-07-15 would breach the ZAR 13600.00 minimum balance requirement.
request_208,3567978.62,affordable_later,wait,none,2024-06-15,none,Wait until 2024-06-15 to pay IDR 4413000 in full. Paying before 2024-06-15 would breach the IDR 10470700.00 minimum balance requirement.
request_209,2492.93,not_affordable,not_recommended,none,,none,"Do not proceed with the ZAR 56914 request by desired completion date 2025-11-25. Although safe amount today is ZAR 2492.93, full payment cannot be safely completed without breaching the minimum balance requirement of ZAR 18400.00."
request_210,825.21,affordable_with_plan,partial_payment,2026-04-06:825.21|2026-04-15:534.81,2026-04-15,none,Partial payment plan: Pay safe amount USD 825.21 today on 2026-04-06 and remaining USD 534.81 on 2026-04-15. Completes full requested USD 1360.02 by desired completion date 2026-06-23 while protecting USD 2000.00 minimum.
request_211,392.71,affordable_later,wait,none,2024-11-15,none,Wait until 2024-11-15 to pay EUR 1788.6 in full. Paying before 2024-11-15 would breach the EUR 1500.00 minimum balance requirement.
request_212,5702821.3,not_affordable,not_recommended,none,,none,"Do not proceed with the IDR 71934000 request by desired completion date 2025-02-28. Although safe amount today is IDR 5702821.3, full payment cannot be safely completed without breaching the minimum balance requirement of IDR 29579800.00."
request_213,3362.4,affordable_with_plan,installments,2026-01-07:3362.4,2026-01-07,none,Payment option payment_option_611: 1 installments of USD 3362.4 starting 2026-01-07 totaling USD 3362.4. Maintains balance above minimum requirement USD 2100.00.
request_214,69750,affordable_with_plan,installments,2024-12-04:69750,2024-12-04,none,Payment option payment_option_613: 1 installments of INR 69750 starting 2024-12-04 totaling INR 69750. Maintains balance above minimum requirement INR 174900.00.
request_215,29986,affordable_with_plan,installments,2025-05-06:29986,2025-05-06,none,Payment option payment_option_617: 1 installments of ZAR 29986 starting 2025-05-06 totaling ZAR 29986. Maintains balance above minimum requirement ZAR 15700.00.
request_216,710.77,affordable_later,wait,none,2026-08-15,none,Wait until 2026-08-15 to pay USD 3332.4 in full. Paying before 2026-08-15 would breach the USD 1800.00 minimum balance requirement.
request_217,19845.78,affordable_with_plan,installments,2024-03-19:12889.07|2024-04-19:12889.07|2024-05-20:12889.07,2024-05-15,none,Payment option payment_option_622: 3 installments of ZAR 12889.07 starting 2024-03-19 totaling ZAR 38667.21. Maintains balance above minimum requirement ZAR 26800.00.
request_218,27553020.13,affordable_with_plan,installments,2025-08-07:21195893.33|2025-09-04:21195893.33|2025-10-02:21195893.33,2025-09-15,none,Payment option payment_option_625: 3 installments of IDR 21195893.33 starting 2025-08-07 totaling IDR 63587679.99. Maintains balance above minimum requirement IDR 34477200.00.
request_219,692.71,affordable_with_plan,installments,2026-04-07:580.01|2026-05-07:580.01|2026-06-06:580.01,2026-05-15,none,Payment option payment_option_628: 3 installments of EUR 580.01 starting 2026-04-07 totaling EUR 1740.03. Maintains balance above minimum requirement EUR 1100.00.
request_220,106.62,not_affordable,not_recommended,none,,none,"Do not proceed with the EUR 3118.5 request by desired completion date 2024-07-03. Although safe amount today is EUR 106.62, full payment cannot be safely completed without breaching the minimum balance requirement of EUR 1100.00."
request_221,109800,affordable_now,full_payment,2025-11-03:109800,2025-11-03,none,Full payment of INR 109800 today on 2025-11-03. Maintains minimum balance requirement of INR 81500.00 (forecast safety margin is INR 138098.30).
request_222,34078,affordable_now,full_payment,2026-01-05:34078,2026-01-05,none,Full payment of ZAR 34078 today on 2026-01-05. Maintains minimum balance requirement of ZAR 27300.00 (forecast safety margin is ZAR 79665.87).
request_223,898.7,affordable_now,full_payment,2024-09-07:898.7,2024-09-07,none,Full payment of EUR 898.7 today on 2024-09-07. Maintains minimum balance requirement of EUR 800.00 (forecast safety margin is EUR 1148.65).
request_224,10327000,affordable_with_plan,installments,2025-02-04:10327000,2025-02-04,none,Payment option payment_option_644: 1 installments of IDR 10327000 starting 2025-02-04 totaling IDR 10327000. Maintains balance above minimum requirement IDR 22187600.00.
request_225,10083382.29,affordable_with_plan,installments,2026-07-20:7647120|2026-08-19:7647120|2026-09-18:7647120,2026-09-15,none,Payment option payment_option_647: 3 installments of IDR 7647120 starting 2026-07-20 totaling IDR 22941360. Maintains balance above minimum requirement IDR 17670700.00.
request_226,157000,affordable_now,full_payment,2024-12-03:157000,2024-12-03,none,Full payment of INR 157000 today on 2024-12-03. Maintains minimum balance requirement of INR 209400.00 (forecast safety margin is INR 192325.03).
request_227,12861.34,not_affordable,not_recommended,none,,none,"Do not proceed with the INR 259700 request by desired completion date 2025-06-20. Although safe amount today is INR 12861.34, full payment cannot be safely completed without breaching the minimum balance requirement of INR 62900.00."
request_228,4656900,not_affordable,not_recommended,none,,none,"Do not proceed with the IDR 63327000 request by desired completion date 2026-04-30. Although safe amount today is IDR 4656900, full payment cannot be safely completed without breaching the minimum balance requirement of IDR 26191200.00."
request_229,509.71,affordable_with_plan,installments,2024-03-18:529.29|2024-04-18:529.29|2024-05-19:529.29,2024-04-15,none,Payment option payment_option_659: 3 installments of EUR 529.29 starting 2024-03-18 totaling EUR 1587.87. Maintains balance above minimum requirement EUR 1000.00.
request_230,3537.6,affordable_now,full_payment,2025-08-06:3537.6,2025-08-06,none,Full payment of EUR 3537.6 today on 2025-08-06. Maintains minimum balance requirement of EUR 2000.00 (forecast safety margin is EUR 4351.00).
request_231,35706,affordable_with_plan,installments,2026-01-03:35706,2026-01-03,none,Payment option payment_option_667: 1 installments of ZAR 35706 starting 2026-01-03 totaling ZAR 35706. Maintains balance above minimum requirement ZAR 24300.00.
request_232,763.45,affordable_later,wait,none,2024-08-15,none,Wait until 2024-08-15 to pay EUR 1970.1 in full. Paying before 2024-08-15 would breach the EUR 2400.00 minimum balance requirement.
request_233,4627076.19,affordable_with_plan,partial_payment,2025-11-07:4627076.19|2025-11-15:1613923.81,2025-11-15,none,Partial payment plan: Pay safe amount IDR 4627076.19 today on 2025-11-07 and remaining IDR 1613923.81 on 2025-11-15. Completes full requested IDR 6241000 by desired completion date 2025-12-17 while protecting IDR 10365700.00 minimum.
request_234,257.82,affordable_later,wait,none,2026-08-15,none,Wait until 2026-08-15 to pay EUR 1213.3 in full. Paying before 2026-08-15 would breach the EUR 700.00 minimum balance requirement.
request_235,967.2,affordable_now,full_payment,2024-09-06:967.2,2024-09-06,none,Full payment of USD 967.2 today on 2024-09-06. Maintains minimum balance requirement of USD 700.00 (forecast safety margin is USD 1176.55).
request_236,7443718.01,not_affordable,not_recommended,none,,none,"Do not proceed with the IDR 52383000 request by desired completion date 2025-02-23. Although safe amount today is IDR 7443718.01, full payment cannot be safely completed without breaching the minimum balance requirement of IDR 16768600.00."
request_237,23826000,affordable_now,full_payment,2026-04-05:23826000,2026-04-05,none,Full payment of IDR 23826000 today on 2026-04-05. Maintains minimum balance requirement of IDR 22431500.00 (forecast safety margin is IDR 29139692.64).
request_238,663.6,affordable_with_plan,installments,2024-12-07:663.6,2024-12-07,none,Payment option payment_option_687: 1 installments of USD 663.6 starting 2024-12-07 totaling USD 663.6. Maintains balance above minimum requirement USD 700.00.
request_239,642,affordable_now,full_payment,2025-05-04:642,2025-05-04,none,Full payment of USD 642 today on 2025-05-04. Maintains minimum balance requirement of USD 600.00 (forecast safety margin is USD 750.64).
request_240,16884.4,not_affordable,not_recommended,none,,none,"Do not proceed with the INR 101200 request by desired completion date 2026-03-20. Although safe amount today is INR 16884.4, full payment cannot be safely completed without breaching the minimum balance requirement of INR 52800.00."
request_241,21052000,affordable_with_plan,installments,2024-03-03:21052000,2024-03-03,none,Payment option payment_option_696: 1 installments of IDR 21052000 starting 2024-03-03 totaling IDR 21052000. Maintains balance above minimum requirement IDR 19252000.00.
request_242,78.98,not_affordable,not_recommended,none,,none,"Do not proceed with the EUR 1966.8 request by desired completion date 2025-08-25. Although safe amount today is EUR 78.98, full payment cannot be safely completed without breaching the minimum balance requirement of EUR 600.00."
request_243,17468,affordable_now,full_payment,2026-07-07:17468,2026-07-07,none,Full payment of ZAR 17468 today on 2026-07-07. Maintains minimum balance requirement of ZAR 19900.00 (forecast safety margin is ZAR 22167.21).
request_244,49918,affordable_now,full_payment,2024-06-04:49918,2024-06-04,none,Full payment of ZAR 49918 today on 2024-06-04. Maintains minimum balance requirement of ZAR 45900.00 (forecast safety margin is ZAR 63378.62).
request_245,36454.55,affordable_later,wait,none,2025-12-15,none,Wait until 2025-12-15 to pay INR 128500 in full. Paying before 2025-12-15 would breach the INR 94600.00 minimum balance requirement.
request_246,64086,affordable_with_plan,installments,2026-04-03:64086,2026-04-03,none,Payment option payment_option_711: 1 installments of ZAR 64086 starting 2026-04-03 totaling ZAR 64086. Maintains balance above minimum requirement ZAR 39300.00.
request_247,1059.3,affordable_now,full_payment,2024-09-05:1059.3,2024-09-05,none,Full payment of EUR 1059.3 today on 2024-09-05. Maintains minimum balance requirement of EUR 1300.00 (forecast safety margin is EUR 1226.06).
request_248,969.56,affordable_with_plan,partial_payment,2025-02-07:969.56|2025-04-15:996.04,2025-04-15,none,Partial payment plan: Pay safe amount USD 969.56 today on 2025-02-07 and remaining USD 996.04 on 2025-04-15. Completes full requested USD 1965.6 by desired completion date 2025-04-28 while protecting USD 1300.00 minimum.
request_249,93.47,not_affordable,not_recommended,none,,none,"Do not proceed with the USD 643.2 request by desired completion date 2026-03-15. Although safe amount today is USD 93.47, full payment cannot be safely completed without breaching the minimum balance requirement of USD 600.00."
request_250,17762.28,not_affordable,not_recommended,none,,none,"Do not proceed with the ZAR 124278 request by desired completion date 2025-01-18. Although safe amount today is ZAR 17762.28, full payment cannot be safely completed without breaching the minimum balance requirement of ZAR 35300.00."
request_251,393.62,not_affordable,not_recommended,none,,none,"Do not proceed with the EUR 1513.6 request by desired completion date 2025-06-06. Although safe amount today is EUR 393.62, full payment cannot be safely completed without breaching the minimum balance requirement of EUR 1300.00."
request_252,5200297.21,affordable_later,wait,none,2026-08-15,none,Wait until 2026-08-15 to pay IDR 28082000 in full. Paying before 2026-08-15 would breach the IDR 15152200.00 minimum balance requirement.
request_253,1463.18,affordable_with_plan,installments,2024-03-21:984.6|2024-04-21:984.6|2024-05-22:984.6,2024-05-15,none,Payment option payment_option_729: 3 installments of EUR 984.6 starting 2024-03-21 totaling EUR 2953.8. Maintains balance above minimum requirement EUR 2300.00.
request_254,824.45,affordable_later,wait,none,2025-09-15,none,Wait until 2025-09-15 to pay USD 3535.2 in full. Paying before 2025-09-15 would breach the USD 2500.00 minimum balance requirement.
request_255,3345000,affordable_now,full_payment,2026-04-06:3345000,2026-04-06,none,Full payment of IDR 3345000 today on 2026-04-06. Maintains minimum balance requirement of IDR 9813900.00 (forecast safety margin is IDR 5992225.69).
request_256,165828.96,affordable_with_plan,installments,2024-06-10:75816|2024-07-11:75816|2024-08-11:75816,2024-06-15,none,Payment option payment_option_737: 3 installments of INR 75816 starting 2024-06-10 totaling INR 227448. Maintains balance above minimum requirement INR 168600.00.
request_257,562.65,affordable_later,wait,none,2025-12-15,none,Wait until 2025-12-15 to pay USD 1352.4 in full. Paying before 2025-12-15 would breach the USD 1600.00 minimum balance requirement.
request_258,1113.6,affordable_now,full_payment,2026-01-07:1113.6,2026-01-07,none,Full payment of USD 1113.6 today on 2026-01-07. Maintains minimum balance requirement of USD 500.00 (forecast safety margin is USD 1919.31).
request_259,288.4,affordable_later,wait,none,2024-10-15,none,Wait until 2024-10-15 to pay EUR 935 in full. Paying before 2024-10-15 would breach the EUR 600.00 minimum balance requirement.
request_260,8703527.29,not_affordable,not_recommended,none,,none,"Do not proceed with the IDR 52079000 request by desired completion date 2025-04-18. Although safe amount today is IDR 8703527.29, full payment cannot be safely completed without breaching the minimum balance requirement of IDR 20727700.00."
request_261,1830.4,affordable_now,full_payment,2026-07-03:1830.4,2026-07-03,none,Full payment of EUR 1830.4 today on 2026-07-03. Maintains minimum balance requirement of EUR 1500.00 (forecast safety margin is EUR 2386.24).
request_262,9236000,affordable_now,full_payment,2024-12-05:9236000,2024-12-05,none,Full payment of IDR 9236000 today on 2024-12-05. Maintains minimum balance requirement of IDR 31018500.00 (forecast safety margin is IDR 17389759.88).
request_263,8316.75,not_affordable,not_recommended,none,,none,"Do not proceed with the ZAR 51546 request by desired completion date 2025-06-15. Although safe amount today is ZAR 8316.75, full payment cannot be safely completed without breaching the minimum balance requirement of ZAR 24100.00."
request_264,26863.74,affordable_later,wait,none,2026-05-15,none,Wait until 2026-05-15 to pay INR 111300 in full. Paying before 2026-05-15 would breach the INR 59500.00 minimum balance requirement.
request_265,45970,affordable_now,full_payment,2024-03-06:45970,2024-03-06,none,Full payment of INR 45970 today on 2024-03-06. Maintains minimum balance requirement of INR 189700.00 (forecast safety margin is INR 88252.50).
request_266,766.39,affordable_with_plan,installments,2025-08-03:324.13|2025-08-31:324.13|2025-09-28:324.13,2025-09-15,none,Payment option payment_option_764: 3 installments of EUR 324.13 starting 2025-08-03 totaling EUR 972.39. Maintains balance above minimum requirement EUR 900.00.
request_267,1683.99,affordable_with_plan,installments,2026-01-08:667.33|2026-02-07:667.33|2026-03-09:667.33,2026-01-15,none,Payment option payment_option_767: 3 installments of EUR 667.33 starting 2026-01-08 totaling EUR 2001.99. Maintains balance above minimum requirement EUR 1500.00.
request_268,1134.52,affordable_with_plan,installments,2024-06-14:841.22|2024-07-15:841.22|2024-08-15:841.22,2024-07-15,none,Payment option payment_option_770: 3 installments of EUR 841.22 starting 2024-06-14 totaling EUR 2523.66. Maintains balance above minimum requirement EUR 1400.00.
request_269,13424.36,affordable_later,wait,none,2025-11-15,none,Wait until 2025-11-15 to pay ZAR 15490 in full. Paying before 2025-11-15 would breach the ZAR 23100.00 minimum balance requirement.
request_270,255.68,not_affordable,not_recommended,none,,none,"Do not proceed with the USD 3028.8 request by desired completion date 2026-08-30. Although safe amount today is USD 255.68, full payment cannot be safely completed without breaching the minimum balance requirement of USD 1400.00."
request_271,19625.11,affordable_later,wait,none,2024-11-15,none,Wait until 2024-11-15 to pay INR 91300 in full. Paying before 2024-11-15 would breach the INR 58200.00 minimum balance requirement.
request_272,6128654.63,affordable_with_plan,installments,2025-02-12:4709466.67|2025-03-12:4709466.67|2025-04-09:4709466.67,2025-03-15,none,Payment option payment_option_780: 3 installments of IDR 4709466.67 starting 2025-02-12 totaling IDR 14128400.01. Maintains balance above minimum requirement IDR 7508600.00.
request_273,9874048.33,affordable_with_plan,partial_payment,2026-04-07:9874048.33|2026-04-15:5986951.67,2026-04-15,none,Partial payment plan: Pay safe amount IDR 9874048.33 today on 2026-04-07 and remaining IDR 5986951.67 on 2026-04-15. Completes full requested IDR 15861000 by desired completion date 2026-06-15 while protecting IDR 18774600.00 minimum.
request_274,2569.04,affordable_with_plan,installments,2024-12-04:940.75|2025-01-04:940.75|2025-02-04:940.75,2024-12-15,none,Payment option payment_option_785: 3 installments of EUR 940.75 starting 2024-12-04 totaling EUR 2822.25. Maintains balance above minimum requirement EUR 1800.00.
request_275,15884000,affordable_now,full_payment,2025-05-06:15884000,2025-05-06,none,Full payment of IDR 15884000 today on 2025-05-06. Maintains minimum balance requirement of IDR 12760100.00 (forecast safety margin is IDR 18685807.57).
